sku,visual_group_id,file_name,sha256,width,height,mime_type,source_page_url,source_image_url,match_score,approval_status,error
APL-APD-MAX-2024-ORG,,APL-APD-MAX-2024-ORG.jpg,de38ea901a039e06aaab9248874b31ad3b349582c26fc906de8624a29bb22ac9,1000,1000,image/jpeg,http://api.rocketniks.ru/api/products/apple-airpods-max-s-razmom-usb-type-c-oranzhevyy,http://api.rocketniks.ru/images/products/LARGE_Apple AirPods Max (6)-min.jpg,36,likely,
APL-APD-MAX-2026-BLU,,APL-APD-MAX-2026-BLU.jpg,633c332d8a4d3fa4d59400a81facaa073b446ccf40e405dc312479145cfd0bf2,1000,1000,image/jpeg,http://api.rocketniks.ru/api/products/apple-airpods-max-s-razmom-usb-type-c-siniy,http://api.rocketniks.ru/images/products/LARGE_Apple AirPods Max-min.jpg,36,likely,
APL-APD-MAX-2026-BLU,,APL-APD-MAX-2026-BLU-1.jpg,2b22ad29303db6f510097ebf9740550eb70884cfd2df4d071764d9d808d35516,1000,1000,image/jpeg,http://api.rocketniks.ru/api/products/apple-airpods-max-s-razmom-usb-type-c-siniy,http://api.rocketniks.ru/images/products/LARGE_Apple AirPods Max (1)-min.jpg,36,likely,
APL-APD-MAX-2026-MID,,APL-APD-MAX-2026-MID.jpg,bad4a5387533cd87e845f36751013595369a0b33c028c489dd8103fcd2d1798d,1000,1000,image/jpeg,http://api.rocketniks.ru/api/products/apple-airpods-max-s-razmom-usb-type-c-polunochnyy,http://api.rocketniks.ru/images/products/LARGE_Apple AirPods Max (5)-min.jpg,36,likely,
APL-APD-MAX-2026-ORG,,APL-APD-MAX-2026-ORG.jpg,de38ea901a039e06aaab9248874b31ad3b349582c26fc906de8624a29bb22ac9,1000,1000,image/jpeg,http://api.rocketniks.ru/api/products/apple-airpods-max-s-razmom-usb-type-c-oranzhevyy,http://api.rocketniks.ru/images/products/LARGE_Apple AirPods Max (6)-min.jpg,36,likely,
APL-APD-MAX-2026-PURPLE,,APL-APD-MAX-2026-PURPLE.jpg,931601ec51ab4a278736a75faa96c9973153b1c0a8330154a6b0a11872220fb8,1000,1000,image/jpeg,http://api.rocketniks.ru/api/products/apple-airpods-max-s-razmom-usb-type-c-fioletovyy,http://api.rocketniks.ru/images/products/LARGE_Apple AirPods Max (2)-min.jpg,36,likely,
APL-APD-MAX-2026-PURPLE,,APL-APD-MAX-2026-PURPLE-1.jpg,e02d3e59b378e0759d9a1ba92ddf2b28e83f9df47efa2bd6e35235c5f4278381,1000,1000,image/jpeg,http://api.rocketniks.ru/api/products/apple-airpods-max-s-razmom-usb-type-c-fioletovyy,http://api.rocketniks.ru/images/products/LARGE_Apple AirPods Max (3)-min.jpg,36,likely,
APL-APD-MAX-2026-STL,,APL-APD-MAX-2026-STL.jpg,105adfda70da85b4dffc8efa4b0550e508ccf9a4bada8d567c39533a5ba0ad7f,1000,1000,image/jpeg,http://api.rocketniks.ru/api/products/apple-airpods-max-s-razmom-usb-type-c-zvezdnyy-svet,http://api.rocketniks.ru/images/products/LARGE_Apple AirPods Max (4)-min.jpg,36,likely,
APL-APD-MAX-BLU-LIGHT,,APL-APD-MAX-BLU-LIGHT.jpg,633c332d8a4d3fa4d59400a81facaa073b446ccf40e405dc312479145cfd0bf2,1000,1000,image/jpeg,http://api.rocketniks.ru/api/products/apple-airpods-max-s-razmom-usb-type-c-siniy,http://api.rocketniks.ru/images/products/LARGE_Apple AirPods Max-min.jpg,36,likely,
APL-APD-MAX-BLU-LIGHT,,APL-APD-MAX-BLU-LIGHT-1.jpg,2b22ad29303db6f510097ebf9740550eb70884cfd2df4d071764d9d808d35516,1000,1000,image/jpeg,http://api.rocketniks.ru/api/products/apple-airpods-max-s-razmom-usb-type-c-siniy,http://api.rocketniks.ru/images/products/LARGE_Apple AirPods Max (1)-min.jpg,36,likely,
MW133,,MW133.png,7ced69392d000d966a854e614f8ece648e0745640cb17860e26ddbc071fe348f,1000,1000,image/png,http://api.rocketniks.ru/api/products/apple-macbook-air-13-m4-2025-16-512-polunochnyy,http://api.rocketniks.ru/images/products/LARGE_air_13_m4_3 1.png,90,exact,
MW133,,MW133-1.webp,5158730969d1206f9bd1ab47db271013c9db4b75f5e04ead3e9a6cd486b90470,1000,1000,image/webp,http://api.rocketniks.ru/api/products/apple-macbook-air-13-m4-2025-16-512-polunochnyy,http://api.rocketniks.ru/images/products/LARGE_5dbf773daa99a51dc8b2c10b3985dc64.webp,90,exact,
MW133,,MW133-2.webp,652cb4dd84b244fb28282126a4ff721dd000838befabaa31c12dd7ddd83f378b,1000,1000,image/webp,http://api.rocketniks.ru/api/products/apple-macbook-air-13-m4-2025-16-512-polunochnyy,http://api.rocketniks.ru/images/products/LARGE_33f8d680453cbd760b4e2601b12cfaf9.webp,90,exact,
MW133,,MW133-3.webp,8818a4d0d63334463d2dddf1430e1adb5ad23d55d1504fcba68fd472dd927b4c,1000,1000,image/webp,http://api.rocketniks.ru/api/products/apple-macbook-air-13-m4-2025-16-512-polunochnyy,http://api.rocketniks.ru/images/products/LARGE_aa323f7c3273e1cc56630c02415ba8b3.webp,90,exact,
MW133,,MW133-4.webp,093b67fb3551724cfd068679bc54f3e347c68428d1ef0d71dbc27d6c44167fe3,1000,1000,image/webp,http://api.rocketniks.ru/api/products/apple-macbook-air-13-m4-2025-16-512-polunochnyy,http://api.rocketniks.ru/images/products/LARGE_7fa7c6b21909569e80d28fdf681bdcea.webp,90,exact,
MW133,,MW133-5.webp,1e0f9979e44a768786eebb88dd36a4ba9716ebc1a1fd38904d3a886990479964,1000,1000,image/webp,http://api.rocketniks.ru/api/products/apple-macbook-air-13-m4-2025-16-512-polunochnyy,http://api.rocketniks.ru/images/products/LARGE_37be40ded599299fa8e96eab7f1e86fd.webp,90,exact,
MW133,,MW133-6.webp,da9116d509c5c3e1d2d86945912e391fdf6c9569e4207104b1f0d947513e9ce7,1000,1000,image/webp,http://api.rocketniks.ru/api/products/apple-macbook-air-13-m4-2025-16-512-polunochnyy,http://api.rocketniks.ru/images/products/LARGE_6520523e130d2cf5dc92d3336d5df1a9.webp,90,exact,
MW133,,MW133-7.webp,41f27dc4a39bc9ccd59e20bffc31c612dce11e1cdb2ffab47e990ef5d622b9de,1000,1000,image/webp,http://api.rocketniks.ru/api/products/apple-macbook-air-13-m4-2025-16-512-polunochnyy,http://api.rocketniks.ru/images/products/LARGE_c1162c5712c3fadfa19282fa7ae9a9a2.webp,90,exact,
MW133,,MW133-8.webp,9fb12fbc3f271f180b76064ff331243f5eacdc45e0ed05115982dcac2781c985,1000,1000,image/webp,http://api.rocketniks.ru/api/products/apple-macbook-air-13-m4-2025-16-512-polunochnyy,http://api.rocketniks.ru/images/products/LARGE_26de3e5848152eae1322cc93c21934d7.webp,90,exact,
MC6C4,,MC6C4.png,7ced69392d000d966a854e614f8ece648e0745640cb17860e26ddbc071fe348f,1000,1000,image/png,http://api.rocketniks.ru/api/products/apple-macbook-air-13-m4-2025-24-512-polunochnyy,http://api.rocketniks.ru/images/products/LARGE_air_13_m4_3 1.png,90,exact,
MC6C4,,MC6C4-1.webp,5158730969d1206f9bd1ab47db271013c9db4b75f5e04ead3e9a6cd486b90470,1000,1000,image/webp,http://api.rocketniks.ru/api/products/apple-macbook-air-13-m4-2025-24-512-polunochnyy,http://api.rocketniks.ru/images/products/LARGE_5dbf773daa99a51dc8b2c10b3985dc64.webp,90,exact,
MC6C4,,MC6C4-2.webp,652cb4dd84b244fb28282126a4ff721dd000838befabaa31c12dd7ddd83f378b,1000,1000,image/webp,http://api.rocketniks.ru/api/products/apple-macbook-air-13-m4-2025-24-512-polunochnyy,http://api.rocketniks.ru/images/products/LARGE_33f8d680453cbd760b4e2601b12cfaf9.webp,90,exact,
MC6C4,,MC6C4-3.webp,8818a4d0d63334463d2dddf1430e1adb5ad23d55d1504fcba68fd472dd927b4c,1000,1000,image/webp,http://api.rocketniks.ru/api/products/apple-macbook-air-13-m4-2025-24-512-polunochnyy,http://api.rocketniks.ru/images/products/LARGE_aa323f7c3273e1cc56630c02415ba8b3.webp,90,exact,
MC6C4,,MC6C4-4.webp,093b67fb3551724cfd068679bc54f3e347c68428d1ef0d71dbc27d6c44167fe3,1000,1000,image/webp,http://api.rocketniks.ru/api/products/apple-macbook-air-13-m4-2025-24-512-polunochnyy,http://api.rocketniks.ru/images/products/LARGE_7fa7c6b21909569e80d28fdf681bdcea.webp,90,exact,
MC6C4,,MC6C4-5.webp,1e0f9979e44a768786eebb88dd36a4ba9716ebc1a1fd38904d3a886990479964,1000,1000,image/webp,http://api.rocketniks.ru/api/products/apple-macbook-air-13-m4-2025-24-512-polunochnyy,http://api.rocketniks.ru/images/products/LARGE_37be40ded599299fa8e96eab7f1e86fd.webp,90,exact,
MC6C4,,MC6C4-6.webp,da9116d509c5c3e1d2d86945912e391fdf6c9569e4207104b1f0d947513e9ce7,1000,1000,image/webp,http://api.rocketniks.ru/api/products/apple-macbook-air-13-m4-2025-24-512-polunochnyy,http://api.rocketniks.ru/images/products/LARGE_6520523e130d2cf5dc92d3336d5df1a9.webp,90,exact,
MC6C4,,MC6C4-7.webp,41f27dc4a39bc9ccd59e20bffc31c612dce11e1cdb2ffab47e990ef5d622b9de,1000,1000,image/webp,http://api.rocketniks.ru/api/products/apple-macbook-air-13-m4-2025-24-512-polunochnyy,http://api.rocketniks.ru/images/products/LARGE_c1162c5712c3fadfa19282fa7ae9a9a2.webp,90,exact,
MC6C4,,MC6C4-8.webp,9fb12fbc3f271f180b76064ff331243f5eacdc45e0ed05115982dcac2781c985,1000,1000,image/webp,http://api.rocketniks.ru/api/products/apple-macbook-air-13-m4-2025-24-512-polunochnyy,http://api.rocketniks.ru/images/products/LARGE_26de3e5848152eae1322cc93c21934d7.webp,90,exact,
MW0X3,,MW0X3.png,ad9914e5da1f3d3415e0ae4992490c5e5bdc94a24119eea503ee5ba323460b72,1000,1000,image/png,http://api.rocketniks.ru/api/products/apple-macbook-air-13-m4-2025-16-512-serebristyy,http://api.rocketniks.ru/images/products/LARGE_air_13_m4_4 1.png,90,exact,
MW0X3,,MW0X3-1.webp,5158730969d1206f9bd1ab47db271013c9db4b75f5e04ead3e9a6cd486b90470,1000,1000,image/webp,http://api.rocketniks.ru/api/products/apple-macbook-air-13-m4-2025-16-512-serebristyy,http://api.rocketniks.ru/images/products/LARGE_5dbf773daa99a51dc8b2c10b3985dc64.webp,90,exact,
MW0X3,,MW0X3-2.webp,652cb4dd84b244fb28282126a4ff721dd000838befabaa31c12dd7ddd83f378b,1000,1000,image/webp,http://api.rocketniks.ru/api/products/apple-macbook-air-13-m4-2025-16-512-serebristyy,http://api.rocketniks.ru/images/products/LARGE_33f8d680453cbd760b4e2601b12cfaf9.webp,90,exact,
MW0X3,,MW0X3-3.webp,8818a4d0d63334463d2dddf1430e1adb5ad23d55d1504fcba68fd472dd927b4c,1000,1000,image/webp,http://api.rocketniks.ru/api/products/apple-macbook-air-13-m4-2025-16-512-serebristyy,http://api.rocketniks.ru/images/products/LARGE_aa323f7c3273e1cc56630c02415ba8b3.webp,90,exact,
MW0X3,,MW0X3-4.webp,093b67fb3551724cfd068679bc54f3e347c68428d1ef0d71dbc27d6c44167fe3,1000,1000,image/webp,http://api.rocketniks.ru/api/products/apple-macbook-air-13-m4-2025-16-512-serebristyy,http://api.rocketniks.ru/images/products/LARGE_7fa7c6b21909569e80d28fdf681bdcea.webp,90,exact,
MW0X3,,MW0X3-5.webp,1e0f9979e44a768786eebb88dd36a4ba9716ebc1a1fd38904d3a886990479964,1000,1000,image/webp,http://api.rocketniks.ru/api/products/apple-macbook-air-13-m4-2025-16-512-serebristyy,http://api.rocketniks.ru/images/products/LARGE_37be40ded599299fa8e96eab7f1e86fd.webp,90,exact,
MW0X3,,MW0X3-6.webp,da9116d509c5c3e1d2d86945912e391fdf6c9569e4207104b1f0d947513e9ce7,1000,1000,image/webp,http://api.rocketniks.ru/api/products/apple-macbook-air-13-m4-2025-16-512-serebristyy,http://api.rocketniks.ru/images/products/LARGE_6520523e130d2cf5dc92d3336d5df1a9.webp,90,exact,
MW0X3,,MW0X3-7.webp,41f27dc4a39bc9ccd59e20bffc31c612dce11e1cdb2ffab47e990ef5d622b9de,1000,1000,image/webp,http://api.rocketniks.ru/api/products/apple-macbook-air-13-m4-2025-16-512-serebristyy,http://api.rocketniks.ru/images/products/LARGE_c1162c5712c3fadfa19282fa7ae9a9a2.webp,90,exact,
MW0X3,,MW0X3-8.webp,9fb12fbc3f271f180b76064ff331243f5eacdc45e0ed05115982dcac2781c985,1000,1000,image/webp,http://api.rocketniks.ru/api/products/apple-macbook-air-13-m4-2025-16-512-serebristyy,http://api.rocketniks.ru/images/products/LARGE_26de3e5848152eae1322cc93c21934d7.webp,90,exact,
MC6U4,,MC6U4.png,fbd68afd8685ea51ce8280c425a8160f4dd130be27d96aa0a28985cc791ec9a4,1000,1000,image/png,http://api.rocketniks.ru/api/products/apple-macbook-air-13-m4-2025-16-512-nebesno-goluboy,http://api.rocketniks.ru/images/products/LARGE_air_13_m4_1 1.png,85,exact,
MC6U4,,MC6U4-1.webp,5158730969d1206f9bd1ab47db271013c9db4b75f5e04ead3e9a6cd486b90470,1000,1000,image/webp,http://api.rocketniks.ru/api/products/apple-macbook-air-13-m4-2025-16-512-nebesno-goluboy,http://api.rocketniks.ru/images/products/LARGE_5dbf773daa99a51dc8b2c10b3985dc64.webp,85,exact,
MC6U4,,MC6U4-2.webp,652cb4dd84b244fb28282126a4ff721dd000838befabaa31c12dd7ddd83f378b,1000,1000,image/webp,http://api.rocketniks.ru/api/products/apple-macbook-air-13-m4-2025-16-512-nebesno-goluboy,http://api.rocketniks.ru/images/products/LARGE_33f8d680453cbd760b4e2601b12cfaf9.webp,85,exact,
MC6U4,,MC6U4-3.webp,8818a4d0d63334463d2dddf1430e1adb5ad23d55d1504fcba68fd472dd927b4c,1000,1000,image/webp,http://api.rocketniks.ru/api/products/apple-macbook-air-13-m4-2025-16-512-nebesno-goluboy,http://api.rocketniks.ru/images/products/LARGE_aa323f7c3273e1cc56630c02415ba8b3.webp,85,exact,
MC6U4,,MC6U4-4.webp,093b67fb3551724cfd068679bc54f3e347c68428d1ef0d71dbc27d6c44167fe3,1000,1000,image/webp,http://api.rocketniks.ru/api/products/apple-macbook-air-13-m4-2025-16-512-nebesno-goluboy,http://api.rocketniks.ru/images/products/LARGE_7fa7c6b21909569e80d28fdf681bdcea.webp,85,exact,
MC6U4,,MC6U4-5.webp,1e0f9979e44a768786eebb88dd36a4ba9716ebc1a1fd38904d3a886990479964,1000,1000,image/webp,http://api.rocketniks.ru/api/products/apple-macbook-air-13-m4-2025-16-512-nebesno-goluboy,http://api.rocketniks.ru/images/products/LARGE_37be40ded599299fa8e96eab7f1e86fd.webp,85,exact,
MC6U4,,MC6U4-6.webp,da9116d509c5c3e1d2d86945912e391fdf6c9569e4207104b1f0d947513e9ce7,1000,1000,image/webp,http://api.rocketniks.ru/api/products/apple-macbook-air-13-m4-2025-16-512-nebesno-goluboy,http://api.rocketniks.ru/images/products/LARGE_6520523e130d2cf5dc92d3336d5df1a9.webp,85,exact,
MC6U4,,MC6U4-7.webp,41f27dc4a39bc9ccd59e20bffc31c612dce11e1cdb2ffab47e990ef5d622b9de,1000,1000,image/webp,http://api.rocketniks.ru/api/products/apple-macbook-air-13-m4-2025-16-512-nebesno-goluboy,http://api.rocketniks.ru/images/products/LARGE_c1162c5712c3fadfa19282fa7ae9a9a2.webp,85,exact,
MC6U4,,MC6U4-8.webp,9fb12fbc3f271f180b76064ff331243f5eacdc45e0ed05115982dcac2781c985,1000,1000,image/webp,http://api.rocketniks.ru/api/products/apple-macbook-air-13-m4-2025-16-512-nebesno-goluboy,http://api.rocketniks.ru/images/products/LARGE_26de3e5848152eae1322cc93c21934d7.webp,85,exact,
MC6V4,,MC6V4.png,fbd68afd8685ea51ce8280c425a8160f4dd130be27d96aa0a28985cc791ec9a4,1000,1000,image/png,http://api.rocketniks.ru/api/products/apple-macbook-air-13-m4-2025-24-512-nebesno-goluboy,http://api.rocketniks.ru/images/products/LARGE_air_13_m4_1 1.png,85,exact,
MC6V4,,MC6V4-1.webp,5158730969d1206f9bd1ab47db271013c9db4b75f5e04ead3e9a6cd486b90470,1000,1000,image/webp,http://api.rocketniks.ru/api/products/apple-macbook-air-13-m4-2025-24-512-nebesno-goluboy,http://api.rocketniks.ru/images/products/LARGE_5dbf773daa99a51dc8b2c10b3985dc64.webp,85,exact,
MC6V4,,MC6V4-2.webp,652cb4dd84b244fb28282126a4ff721dd000838befabaa31c12dd7ddd83f378b,1000,1000,image/webp,http://api.rocketniks.ru/api/products/apple-macbook-air-13-m4-2025-24-512-nebesno-goluboy,http://api.rocketniks.ru/images/products/LARGE_33f8d680453cbd760b4e2601b12cfaf9.webp,85,exact,
MC6V4,,MC6V4-3.webp,8818a4d0d63334463d2dddf1430e1adb5ad23d55d1504fcba68fd472dd927b4c,1000,1000,image/webp,http://api.rocketniks.ru/api/products/apple-macbook-air-13-m4-2025-24-512-nebesno-goluboy,http://api.rocketniks.ru/images/products/LARGE_aa323f7c3273e1cc56630c02415ba8b3.webp,85,exact,
MC6V4,,MC6V4-4.webp,093b67fb3551724cfd068679bc54f3e347c68428d1ef0d71dbc27d6c44167fe3,1000,1000,image/webp,http://api.rocketniks.ru/api/products/apple-macbook-air-13-m4-2025-24-512-nebesno-goluboy,http://api.rocketniks.ru/images/products/LARGE_7fa7c6b21909569e80d28fdf681bdcea.webp,85,exact,
MC6V4,,MC6V4-5.webp,1e0f9979e44a768786eebb88dd36a4ba9716ebc1a1fd38904d3a886990479964,1000,1000,image/webp,http://api.rocketniks.ru/api/products/apple-macbook-air-13-m4-2025-24-512-nebesno-goluboy,http://api.rocketniks.ru/images/products/LARGE_37be40ded599299fa8e96eab7f1e86fd.webp,85,exact,
MC6V4,,MC6V4-6.webp,da9116d509c5c3e1d2d86945912e391fdf6c9569e4207104b1f0d947513e9ce7,1000,1000,image/webp,http://api.rocketniks.ru/api/products/apple-macbook-air-13-m4-2025-24-512-nebesno-goluboy,http://api.rocketniks.ru/images/products/LARGE_6520523e130d2cf5dc92d3336d5df1a9.webp,85,exact,
MC6V4,,MC6V4-7.webp,41f27dc4a39bc9ccd59e20bffc31c612dce11e1cdb2ffab47e990ef5d622b9de,1000,1000,image/webp,http://api.rocketniks.ru/api/products/apple-macbook-air-13-m4-2025-24-512-nebesno-goluboy,http://api.rocketniks.ru/images/products/LARGE_c1162c5712c3fadfa19282fa7ae9a9a2.webp,85,exact,
MC6V4,,MC6V4-8.webp,9fb12fbc3f271f180b76064ff331243f5eacdc45e0ed05115982dcac2781c985,1000,1000,image/webp,http://api.rocketniks.ru/api/products/apple-macbook-air-13-m4-2025-24-512-nebesno-goluboy,http://api.rocketniks.ru/images/products/LARGE_26de3e5848152eae1322cc93c21934d7.webp,85,exact,
MW103,,MW103.png,8aa5d4147aaf93a6a9a0efe37cfd3b9cb986206ef19626ffb4abd50fd6279567,1000,1000,image/png,http://api.rocketniks.ru/api/products/apple-macbook-air-13-m4-2025-16-512-siyayuschaya-zvezda,http://api.rocketniks.ru/images/products/LARGE_air_13_m4_2 1.png,90,exact,
MW103,,MW103-1.webp,5158730969d1206f9bd1ab47db271013c9db4b75f5e04ead3e9a6cd486b90470,1000,1000,image/webp,http://api.rocketniks.ru/api/products/apple-macbook-air-13-m4-2025-16-512-siyayuschaya-zvezda,http://api.rocketniks.ru/images/products/LARGE_5dbf773daa99a51dc8b2c10b3985dc64.webp,90,exact,
MW103,,MW103-2.webp,652cb4dd84b244fb28282126a4ff721dd000838befabaa31c12dd7ddd83f378b,1000,1000,image/webp,http://api.rocketniks.ru/api/products/apple-macbook-air-13-m4-2025-16-512-siyayuschaya-zvezda,http://api.rocketniks.ru/images/products/LARGE_33f8d680453cbd760b4e2601b12cfaf9.webp,90,exact,
MW103,,MW103-3.webp,8818a4d0d63334463d2dddf1430e1adb5ad23d55d1504fcba68fd472dd927b4c,1000,1000,image/webp,http://api.rocketniks.ru/api/products/apple-macbook-air-13-m4-2025-16-512-siyayuschaya-zvezda,http://api.rocketniks.ru/images/products/LARGE_aa323f7c3273e1cc56630c02415ba8b3.webp,90,exact,
MW103,,MW103-4.webp,093b67fb3551724cfd068679bc54f3e347c68428d1ef0d71dbc27d6c44167fe3,1000,1000,image/webp,http://api.rocketniks.ru/api/products/apple-macbook-air-13-m4-2025-16-512-siyayuschaya-zvezda,http://api.rocketniks.ru/images/products/LARGE_7fa7c6b21909569e80d28fdf681bdcea.webp,90,exact,
MW103,,MW103-5.webp,1e0f9979e44a768786eebb88dd36a4ba9716ebc1a1fd38904d3a886990479964,1000,1000,image/webp,http://api.rocketniks.ru/api/products/apple-macbook-air-13-m4-2025-16-512-siyayuschaya-zvezda,http://api.rocketniks.ru/images/products/LARGE_37be40ded599299fa8e96eab7f1e86fd.webp,90,exact,
MW103,,MW103-6.webp,da9116d509c5c3e1d2d86945912e391fdf6c9569e4207104b1f0d947513e9ce7,1000,1000,image/webp,http://api.rocketniks.ru/api/products/apple-macbook-air-13-m4-2025-16-512-siyayuschaya-zvezda,http://api.rocketniks.ru/images/products/LARGE_6520523e130d2cf5dc92d3336d5df1a9.webp,90,exact,
MW103,,MW103-7.webp,41f27dc4a39bc9ccd59e20bffc31c612dce11e1cdb2ffab47e990ef5d622b9de,1000,1000,image/webp,http://api.rocketniks.ru/api/products/apple-macbook-air-13-m4-2025-16-512-siyayuschaya-zvezda,http://api.rocketniks.ru/images/products/LARGE_c1162c5712c3fadfa19282fa7ae9a9a2.webp,90,exact,
MW103,,MW103-8.webp,9fb12fbc3f271f180b76064ff331243f5eacdc45e0ed05115982dcac2781c985,1000,1000,image/webp,http://api.rocketniks.ru/api/products/apple-macbook-air-13-m4-2025-16-512-siyayuschaya-zvezda,http://api.rocketniks.ru/images/products/LARGE_26de3e5848152eae1322cc93c21934d7.webp,90,exact,
MW1L3,,MW1L3.png,a13787ccf2a7be1117fa3e513560335338170dc3cd29462070b0caed91733b45,1000,1000,image/png,http://api.rocketniks.ru/api/products/apple-macbook-air-15-m4-2025-16-256-polunochnyy,http://api.rocketniks.ru/images/products/LARGE_air_15_m4_2 1.png,90,exact,
MW1L3,,MW1L3-1.webp,0574e530d12ce157a24de3196a40985406ce525e41200f8744aa587140fe51f6,1000,1000,image/webp,http://api.rocketniks.ru/api/products/apple-macbook-air-15-m4-2025-16-256-polunochnyy,http://api.rocketniks.ru/images/products/LARGE_75dbfb4f9b4a4486507c8d0e42e8b4d9.webp,90,exact,
MW1L3,,MW1L3-2.webp,ea98ea00d5647e56c03393acc7a254591b6ec2e0666e684cd87599995a8d7cd2,1000,1000,image/webp,http://api.rocketniks.ru/api/products/apple-macbook-air-15-m4-2025-16-256-polunochnyy,http://api.rocketniks.ru/images/products/LARGE_7487d62c14a71a027461a9625e22beb9.webp,90,exact,
MW1L3,,MW1L3-3.webp,faec55310dab645a2220ce866bc1866ead1efdc80673cd00ef6628ddf872be07,1000,1000,image/webp,http://api.rocketniks.ru/api/products/apple-macbook-air-15-m4-2025-16-256-polunochnyy,http://api.rocketniks.ru/images/products/LARGE_09376a4c9dcc5f1446e2e9169f9ccaaa.webp,90,exact,
MW1L3,,MW1L3-4.webp,26f61a9fc4f4aac01a3770258d19c09300fb661e2252c2b65853483dda495239,1000,1000,image/webp,http://api.rocketniks.ru/api/products/apple-macbook-air-15-m4-2025-16-256-polunochnyy,http://api.rocketniks.ru/images/products/LARGE_e029bcf55baa6cb42ad9cce6130c3ea6.webp,90,exact,
MW1L3,,MW1L3-5.webp,a7e1d4b6c6bb8dd82b689ace6f2b98d892db2e3bc39242c4f300f4106a9ce5b5,1000,1000,image/webp,http://api.rocketniks.ru/api/products/apple-macbook-air-15-m4-2025-16-256-polunochnyy,http://api.rocketniks.ru/images/products/LARGE_82539cfd3d0ef9de8dda3433ead5decc.webp,90,exact,
MW1L3,,MW1L3-6.webp,f8cbd8677a0d527345cbb7cd29a6bb94de77fc9d82080d3eb026ec920ff2ccd8,1000,1000,image/webp,http://api.rocketniks.ru/api/products/apple-macbook-air-15-m4-2025-16-256-polunochnyy,http://api.rocketniks.ru/images/products/LARGE_b4630cb99ea19c85f7b15ef2a6872dba.webp,90,exact,
MW1L3,,MW1L3-7.webp,0a874d8cb1346e698b39dbc76d432014c131e509b4d88160b21b3cab37a6dfc9,1000,1000,image/webp,http://api.rocketniks.ru/api/products/apple-macbook-air-15-m4-2025-16-256-polunochnyy,http://api.rocketniks.ru/images/products/LARGE_9a8fc7e714fae2cff7477e4c7c38834a.webp,90,exact,
MW1L3,,MW1L3-8.webp,e7edbbf18156a07842404a4d54fb2c29d13aaab52f98490a2ca9b06f2e6b2474,1000,1000,image/webp,http://api.rocketniks.ru/api/products/apple-macbook-air-15-m4-2025-16-256-polunochnyy,http://api.rocketniks.ru/images/products/LARGE_c6227c3f40c25eab7a85be644136025c.webp,90,exact,
MDVK4,,MDVK4.png,7ced69392d000d966a854e614f8ece648e0745640cb17860e26ddbc071fe348f,1000,1000,image/png,http://api.rocketniks.ru/api/products/apple-macbook-air-15-m5-2026-russkaya-raskladka-1024-16-polunochnyy,http://api.rocketniks.ru/images/products/LARGE_air_13_m4_3 1.png,90,exact,
MDVK4,,MDVK4-1.webp,5158730969d1206f9bd1ab47db271013c9db4b75f5e04ead3e9a6cd486b90470,1000,1000,image/webp,http://api.rocketniks.ru/api/products/apple-macbook-air-15-m5-2026-russkaya-raskladka-1024-16-polunochnyy,http://api.rocketniks.ru/images/products/LARGE_5dbf773daa99a51dc8b2c10b3985dc64.webp,90,exact,
MDVK4,,MDVK4-2.webp,652cb4dd84b244fb28282126a4ff721dd000838befabaa31c12dd7ddd83f378b,1000,1000,image/webp,http://api.rocketniks.ru/api/products/apple-macbook-air-15-m5-2026-russkaya-raskladka-1024-16-polunochnyy,http://api.rocketniks.ru/images/products/LARGE_33f8d680453cbd760b4e2601b12cfaf9.webp,90,exact,
MDVK4,,MDVK4-3.webp,1e0f9979e44a768786eebb88dd36a4ba9716ebc1a1fd38904d3a886990479964,1000,1000,image/webp,http://api.rocketniks.ru/api/products/apple-macbook-air-15-m5-2026-russkaya-raskladka-1024-16-polunochnyy,http://api.rocketniks.ru/images/products/LARGE_37be40ded599299fa8e96eab7f1e86fd.webp,90,exact,
MDVH4,,MDVH4.png,7ced69392d000d966a854e614f8ece648e0745640cb17860e26ddbc071fe348f,1000,1000,image/png,http://api.rocketniks.ru/api/products/apple-macbook-air-15-m5-2026-russkaya-raskladka-512-16-polunochnyy,http://api.rocketniks.ru/images/products/LARGE_air_13_m4_3 1.png,90,exact,
MDVH4,,MDVH4-1.webp,5158730969d1206f9bd1ab47db271013c9db4b75f5e04ead3e9a6cd486b90470,1000,1000,image/webp,http://api.rocketniks.ru/api/products/apple-macbook-air-15-m5-2026-russkaya-raskladka-512-16-polunochnyy,http://api.rocketniks.ru/images/products/LARGE_5dbf773daa99a51dc8b2c10b3985dc64.webp,90,exact,
MDVH4,,MDVH4-2.webp,652cb4dd84b244fb28282126a4ff721dd000838befabaa31c12dd7ddd83f378b,1000,1000,image/webp,http://api.rocketniks.ru/api/products/apple-macbook-air-15-m5-2026-russkaya-raskladka-512-16-polunochnyy,http://api.rocketniks.ru/images/products/LARGE_33f8d680453cbd760b4e2601b12cfaf9.webp,90,exact,
MDVH4,,MDVH4-3.webp,1e0f9979e44a768786eebb88dd36a4ba9716ebc1a1fd38904d3a886990479964,1000,1000,image/webp,http://api.rocketniks.ru/api/products/apple-macbook-air-15-m5-2026-russkaya-raskladka-512-16-polunochnyy,http://api.rocketniks.ru/images/products/LARGE_37be40ded599299fa8e96eab7f1e86fd.webp,90,exact,
MDVA4,,MDVA4.png,ad9914e5da1f3d3415e0ae4992490c5e5bdc94a24119eea503ee5ba323460b72,1000,1000,image/png,http://api.rocketniks.ru/api/products/apple-macbook-air-15-m5-2026-russkaya-raskladka-1024-16-serebristyy,http://api.rocketniks.ru/images/products/LARGE_air_13_m4_4 1.png,90,exact,
MDVA4,,MDVA4-1.webp,41f27dc4a39bc9ccd59e20bffc31c612dce11e1cdb2ffab47e990ef5d622b9de,1000,1000,image/webp,http://api.rocketniks.ru/api/products/apple-macbook-air-15-m5-2026-russkaya-raskladka-1024-16-serebristyy,http://api.rocketniks.ru/images/products/LARGE_c1162c5712c3fadfa19282fa7ae9a9a2.webp,90,exact,
MDVA4,,MDVA4-2.webp,9fb12fbc3f271f180b76064ff331243f5eacdc45e0ed05115982dcac2781c985,1000,1000,image/webp,http://api.rocketniks.ru/api/products/apple-macbook-air-15-m5-2026-russkaya-raskladka-1024-16-serebristyy,http://api.rocketniks.ru/images/products/LARGE_26de3e5848152eae1322cc93c21934d7.webp,90,exact,
MDVA4,,MDVA4-3.webp,1e0f9979e44a768786eebb88dd36a4ba9716ebc1a1fd38904d3a886990479964,1000,1000,image/webp,http://api.rocketniks.ru/api/products/apple-macbook-air-15-m5-2026-russkaya-raskladka-1024-16-serebristyy,http://api.rocketniks.ru/images/products/LARGE_37be40ded599299fa8e96eab7f1e86fd.webp,90,exact,
MDV94,,MDV94.png,ad9914e5da1f3d3415e0ae4992490c5e5bdc94a24119eea503ee5ba323460b72,1000,1000,image/png,http://api.rocketniks.ru/api/products/apple-macbook-air-15-m5-2026-russkaya-raskladka-512-16-serebristyy,http://api.rocketniks.ru/images/products/LARGE_air_13_m4_4 1.png,90,exact,
MDV94,,MDV94-1.webp,41f27dc4a39bc9ccd59e20bffc31c612dce11e1cdb2ffab47e990ef5d622b9de,1000,1000,image/webp,http://api.rocketniks.ru/api/products/apple-macbook-air-15-m5-2026-russkaya-raskladka-512-16-serebristyy,http://api.rocketniks.ru/images/products/LARGE_c1162c5712c3fadfa19282fa7ae9a9a2.webp,90,exact,
MDV94,,MDV94-2.webp,9fb12fbc3f271f180b76064ff331243f5eacdc45e0ed05115982dcac2781c985,1000,1000,image/webp,http://api.rocketniks.ru/api/products/apple-macbook-air-15-m5-2026-russkaya-raskladka-512-16-serebristyy,http://api.rocketniks.ru/images/products/LARGE_26de3e5848152eae1322cc93c21934d7.webp,90,exact,
MDV94,,MDV94-3.webp,1e0f9979e44a768786eebb88dd36a4ba9716ebc1a1fd38904d3a886990479964,1000,1000,image/webp,http://api.rocketniks.ru/api/products/apple-macbook-air-15-m5-2026-russkaya-raskladka-512-16-serebristyy,http://api.rocketniks.ru/images/products/LARGE_37be40ded599299fa8e96eab7f1e86fd.webp,90,exact,
MDVT4,,MDVT4.png,fbd68afd8685ea51ce8280c425a8160f4dd130be27d96aa0a28985cc791ec9a4,1000,1000,image/png,http://api.rocketniks.ru/api/products/apple-macbook-air-15-m5-2026-russkaya-raskladka-1024-16-nebesno-goluboy,http://api.rocketniks.ru/images/products/LARGE_air_13_m4_1 1.png,90,exact,
MDVT4,,MDVT4-1.webp,41f27dc4a39bc9ccd59e20bffc31c612dce11e1cdb2ffab47e990ef5d622b9de,1000,1000,image/webp,http://api.rocketniks.ru/api/products/apple-macbook-air-15-m5-2026-russkaya-raskladka-1024-16-nebesno-goluboy,http://api.rocketniks.ru/images/products/LARGE_c1162c5712c3fadfa19282fa7ae9a9a2.webp,90,exact,
MDVT4,,MDVT4-2.webp,da9116d509c5c3e1d2d86945912e391fdf6c9569e4207104b1f0d947513e9ce7,1000,1000,image/webp,http://api.rocketniks.ru/api/products/apple-macbook-air-15-m5-2026-russkaya-raskladka-1024-16-nebesno-goluboy,http://api.rocketniks.ru/images/products/LARGE_6520523e130d2cf5dc92d3336d5df1a9.webp,90,exact,
MDVT4,,MDVT4-3.webp,1e0f9979e44a768786eebb88dd36a4ba9716ebc1a1fd38904d3a886990479964,1000,1000,image/webp,http://api.rocketniks.ru/api/products/apple-macbook-air-15-m5-2026-russkaya-raskladka-1024-16-nebesno-goluboy,http://api.rocketniks.ru/images/products/LARGE_37be40ded599299fa8e96eab7f1e86fd.webp,90,exact,
MDVQ4,,MDVQ4.png,fbd68afd8685ea51ce8280c425a8160f4dd130be27d96aa0a28985cc791ec9a4,1000,1000,image/png,http://api.rocketniks.ru/api/products/apple-macbook-air-15-m5-2026-russkaya-raskladka-512-16-nebesno-goluboy,http://api.rocketniks.ru/images/products/LARGE_air_13_m4_1 1.png,90,exact,
MDVQ4,,MDVQ4-1.webp,41f27dc4a39bc9ccd59e20bffc31c612dce11e1cdb2ffab47e990ef5d622b9de,1000,1000,image/webp,http://api.rocketniks.ru/api/products/apple-macbook-air-15-m5-2026-russkaya-raskladka-512-16-nebesno-goluboy,http://api.rocketniks.ru/images/products/LARGE_c1162c5712c3fadfa19282fa7ae9a9a2.webp,90,exact,
MDVQ4,,MDVQ4-2.webp,da9116d509c5c3e1d2d86945912e391fdf6c9569e4207104b1f0d947513e9ce7,1000,1000,image/webp,http://api.rocketniks.ru/api/products/apple-macbook-air-15-m5-2026-russkaya-raskladka-512-16-nebesno-goluboy,http://api.rocketniks.ru/images/products/LARGE_6520523e130d2cf5dc92d3336d5df1a9.webp,90,exact,
MDVQ4,,MDVQ4-3.webp,1e0f9979e44a768786eebb88dd36a4ba9716ebc1a1fd38904d3a886990479964,1000,1000,image/webp,http://api.rocketniks.ru/api/products/apple-macbook-air-15-m5-2026-russkaya-raskladka-512-16-nebesno-goluboy,http://api.rocketniks.ru/images/products/LARGE_37be40ded599299fa8e96eab7f1e86fd.webp,90,exact,
MW1J3,,MW1J3.png,61ea11e0fb3ee8c9f6e75f83ac1dec5f5799e034125385733d5e67deb7181d94,1000,1000,image/png,http://api.rocketniks.ru/api/products/apple-macbook-air-15-m4-2025-16-256-siyayuschaya-zvezda,http://api.rocketniks.ru/images/products/LARGE_air_15_m4_1 1.png,90,exact,
MW1J3,,MW1J3-1.webp,0574e530d12ce157a24de3196a40985406ce525e41200f8744aa587140fe51f6,1000,1000,image/webp,http://api.rocketniks.ru/api/products/apple-macbook-air-15-m4-2025-16-256-siyayuschaya-zvezda,http://api.rocketniks.ru/images/products/LARGE_75dbfb4f9b4a4486507c8d0e42e8b4d9.webp,90,exact,
MW1J3,,MW1J3-2.webp,ea98ea00d5647e56c03393acc7a254591b6ec2e0666e684cd87599995a8d7cd2,1000,1000,image/webp,http://api.rocketniks.ru/api/products/apple-macbook-air-15-m4-2025-16-256-siyayuschaya-zvezda,http://api.rocketniks.ru/images/products/LARGE_7487d62c14a71a027461a9625e22beb9.webp,90,exact,
MW1J3,,MW1J3-3.webp,faec55310dab645a2220ce866bc1866ead1efdc80673cd00ef6628ddf872be07,1000,1000,image/webp,http://api.rocketniks.ru/api/products/apple-macbook-air-15-m4-2025-16-256-siyayuschaya-zvezda,http://api.rocketniks.ru/images/products/LARGE_09376a4c9dcc5f1446e2e9169f9ccaaa.webp,90,exact,
MW1J3,,MW1J3-4.webp,26f61a9fc4f4aac01a3770258d19c09300fb661e2252c2b65853483dda495239,1000,1000,image/webp,http://api.rocketniks.ru/api/products/apple-macbook-air-15-m4-2025-16-256-siyayuschaya-zvezda,http://api.rocketniks.ru/images/products/LARGE_e029bcf55baa6cb42ad9cce6130c3ea6.webp,90,exact,
MW1J3,,MW1J3-5.webp,a7e1d4b6c6bb8dd82b689ace6f2b98d892db2e3bc39242c4f300f4106a9ce5b5,1000,1000,image/webp,http://api.rocketniks.ru/api/products/apple-macbook-air-15-m4-2025-16-256-siyayuschaya-zvezda,http://api.rocketniks.ru/images/products/LARGE_82539cfd3d0ef9de8dda3433ead5decc.webp,90,exact,
MW1J3,,MW1J3-6.webp,f8cbd8677a0d527345cbb7cd29a6bb94de77fc9d82080d3eb026ec920ff2ccd8,1000,1000,image/webp,http://api.rocketniks.ru/api/products/apple-macbook-air-15-m4-2025-16-256-siyayuschaya-zvezda,http://api.rocketniks.ru/images/products/LARGE_b4630cb99ea19c85f7b15ef2a6872dba.webp,90,exact,
MW1J3,,MW1J3-7.webp,0a874d8cb1346e698b39dbc76d432014c131e509b4d88160b21b3cab37a6dfc9,1000,1000,image/webp,http://api.rocketniks.ru/api/products/apple-macbook-air-15-m4-2025-16-256-siyayuschaya-zvezda,http://api.rocketniks.ru/images/products/LARGE_9a8fc7e714fae2cff7477e4c7c38834a.webp,90,exact,
MW1J3,,MW1J3-8.webp,e7edbbf18156a07842404a4d54fb2c29d13aaab52f98490a2ca9b06f2e6b2474,1000,1000,image/webp,http://api.rocketniks.ru/api/products/apple-macbook-air-15-m4-2025-16-256-siyayuschaya-zvezda,http://api.rocketniks.ru/images/products/LARGE_c6227c3f40c25eab7a85be644136025c.webp,90,exact,
MW1K3,,MW1K3.png,61ea11e0fb3ee8c9f6e75f83ac1dec5f5799e034125385733d5e67deb7181d94,1000,1000,image/png,http://api.rocketniks.ru/api/products/apple-macbook-air-15-m4-2025-16-512-siyayuschaya-zvezda,http://api.rocketniks.ru/images/products/LARGE_air_15_m4_1 1.png,90,exact,
MW1K3,,MW1K3-1.webp,0574e530d12ce157a24de3196a40985406ce525e41200f8744aa587140fe51f6,1000,1000,image/webp,http://api.rocketniks.ru/api/products/apple-macbook-air-15-m4-2025-16-512-siyayuschaya-zvezda,http://api.rocketniks.ru/images/products/LARGE_75dbfb4f9b4a4486507c8d0e42e8b4d9.webp,90,exact,
MW1K3,,MW1K3-2.webp,ea98ea00d5647e56c03393acc7a254591b6ec2e0666e684cd87599995a8d7cd2,1000,1000,image/webp,http://api.rocketniks.ru/api/products/apple-macbook-air-15-m4-2025-16-512-siyayuschaya-zvezda,http://api.rocketniks.ru/images/products/LARGE_7487d62c14a71a027461a9625e22beb9.webp,90,exact,
MW1K3,,MW1K3-3.webp,faec55310dab645a2220ce866bc1866ead1efdc80673cd00ef6628ddf872be07,1000,1000,image/webp,http://api.rocketniks.ru/api/products/apple-macbook-air-15-m4-2025-16-512-siyayuschaya-zvezda,http://api.rocketniks.ru/images/products/LARGE_09376a4c9dcc5f1446e2e9169f9ccaaa.webp,90,exact,
MW1K3,,MW1K3-4.webp,26f61a9fc4f4aac01a3770258d19c09300fb661e2252c2b65853483dda495239,1000,1000,image/webp,http://api.rocketniks.ru/api/products/apple-macbook-air-15-m4-2025-16-512-siyayuschaya-zvezda,http://api.rocketniks.ru/images/products/LARGE_e029bcf55baa6cb42ad9cce6130c3ea6.webp,90,exact,
MW1K3,,MW1K3-5.webp,a7e1d4b6c6bb8dd82b689ace6f2b98d892db2e3bc39242c4f300f4106a9ce5b5,1000,1000,image/webp,http://api.rocketniks.ru/api/products/apple-macbook-air-15-m4-2025-16-512-siyayuschaya-zvezda,http://api.rocketniks.ru/images/products/LARGE_82539cfd3d0ef9de8dda3433ead5decc.webp,90,exact,
MW1K3,,MW1K3-6.webp,f8cbd8677a0d527345cbb7cd29a6bb94de77fc9d82080d3eb026ec920ff2ccd8,1000,1000,image/webp,http://api.rocketniks.ru/api/products/apple-macbook-air-15-m4-2025-16-512-siyayuschaya-zvezda,http://api.rocketniks.ru/images/products/LARGE_b4630cb99ea19c85f7b15ef2a6872dba.webp,90,exact,
MW1K3,,MW1K3-7.webp,0a874d8cb1346e698b39dbc76d432014c131e509b4d88160b21b3cab37a6dfc9,1000,1000,image/webp,http://api.rocketniks.ru/api/products/apple-macbook-air-15-m4-2025-16-512-siyayuschaya-zvezda,http://api.rocketniks.ru/images/products/LARGE_9a8fc7e714fae2cff7477e4c7c38834a.webp,90,exact,
MW1K3,,MW1K3-8.webp,e7edbbf18156a07842404a4d54fb2c29d13aaab52f98490a2ca9b06f2e6b2474,1000,1000,image/webp,http://api.rocketniks.ru/api/products/apple-macbook-air-15-m4-2025-16-512-siyayuschaya-zvezda,http://api.rocketniks.ru/images/products/LARGE_c6227c3f40c25eab7a85be644136025c.webp,90,exact,
MDVE4,,MDVE4.png,8aa5d4147aaf93a6a9a0efe37cfd3b9cb986206ef19626ffb4abd50fd6279567,1000,1000,image/png,http://api.rocketniks.ru/api/products/apple-macbook-air-15-m5-2026-russkaya-raskladka-1024-16-siyayushchaya-zvezda,http://api.rocketniks.ru/images/products/LARGE_air_13_m4_2 1.png,90,exact,
MDVE4,,MDVE4-1.webp,8818a4d0d63334463d2dddf1430e1adb5ad23d55d1504fcba68fd472dd927b4c,1000,1000,image/webp,http://api.rocketniks.ru/api/products/apple-macbook-air-15-m5-2026-russkaya-raskladka-1024-16-siyayushchaya-zvezda,http://api.rocketniks.ru/images/products/LARGE_aa323f7c3273e1cc56630c02415ba8b3.webp,90,exact,
MDVE4,,MDVE4-2.webp,093b67fb3551724cfd068679bc54f3e347c68428d1ef0d71dbc27d6c44167fe3,1000,1000,image/webp,http://api.rocketniks.ru/api/products/apple-macbook-air-15-m5-2026-russkaya-raskladka-1024-16-siyayushchaya-zvezda,http://api.rocketniks.ru/images/products/LARGE_7fa7c6b21909569e80d28fdf681bdcea.webp,90,exact,
MDVE4,,MDVE4-3.webp,1e0f9979e44a768786eebb88dd36a4ba9716ebc1a1fd38904d3a886990479964,1000,1000,image/webp,http://api.rocketniks.ru/api/products/apple-macbook-air-15-m5-2026-russkaya-raskladka-1024-16-siyayushchaya-zvezda,http://api.rocketniks.ru/images/products/LARGE_37be40ded599299fa8e96eab7f1e86fd.webp,90,exact,
MDVD4,,MDVD4.png,8aa5d4147aaf93a6a9a0efe37cfd3b9cb986206ef19626ffb4abd50fd6279567,1000,1000,image/png,http://api.rocketniks.ru/api/products/apple-macbook-air-15-m5-2026-russkaya-raskladka-512-16-siyayushchaya-zvezda,http://api.rocketniks.ru/images/products/LARGE_air_13_m4_2 1.png,90,exact,
MDVD4,,MDVD4-1.webp,8818a4d0d63334463d2dddf1430e1adb5ad23d55d1504fcba68fd472dd927b4c,1000,1000,image/webp,http://api.rocketniks.ru/api/products/apple-macbook-air-15-m5-2026-russkaya-raskladka-512-16-siyayushchaya-zvezda,http://api.rocketniks.ru/images/products/LARGE_aa323f7c3273e1cc56630c02415ba8b3.webp,90,exact,
MDVD4,,MDVD4-2.webp,093b67fb3551724cfd068679bc54f3e347c68428d1ef0d71dbc27d6c44167fe3,1000,1000,image/webp,http://api.rocketniks.ru/api/products/apple-macbook-air-15-m5-2026-russkaya-raskladka-512-16-siyayushchaya-zvezda,http://api.rocketniks.ru/images/products/LARGE_7fa7c6b21909569e80d28fdf681bdcea.webp,90,exact,
MDVD4,,MDVD4-3.webp,1e0f9979e44a768786eebb88dd36a4ba9716ebc1a1fd38904d3a886990479964,1000,1000,image/webp,http://api.rocketniks.ru/api/products/apple-macbook-air-15-m5-2026-russkaya-raskladka-512-16-siyayushchaya-zvezda,http://api.rocketniks.ru/images/products/LARGE_37be40ded599299fa8e96eab7f1e86fd.webp,90,exact,
MDE44,,MDE44.webp,0165d15ade5059268285d7ff73db692436803a500279989647c1e23a5d1f1ef6,1000,1000,image/webp,http://api.rocketniks.ru/api/products/apple-macbook-pro-14-2-m5-2025-16-512-serebristyy-glyancevyy,http://api.rocketniks.ru/images/products/LARGE_2a2321ebb85beec9768728db59c27b04 2.webp,90,exact,
MDE44,,MDE44-1.webp,ad3b3f5b80148378d50c3eb6c8ed1438cfda08377c8c7482d263afcda9762726,1000,1000,image/webp,http://api.rocketniks.ru/api/products/apple-macbook-pro-14-2-m5-2025-16-512-serebristyy-glyancevyy,http://api.rocketniks.ru/images/products/LARGE_433316dda333f50e9449adaee579d13f.webp,90,exact,
MDE44,,MDE44-2.webp,e08b4f3f6cf4d5a157b42c669176eb5a9bb4d3e5a5e6f47dde5ae59f2e902616,1000,1000,image/webp,http://api.rocketniks.ru/api/products/apple-macbook-pro-14-2-m5-2025-16-512-serebristyy-glyancevyy,http://api.rocketniks.ru/images/products/LARGE_589643f7f63b7a42491c65c13791d6cd.webp,90,exact,
MDE44,,MDE44-3.webp,eb6e206a6b6e5fd7342f2a728088d71d5aa8d5f91c9eb20c0dbe7c9aace62005,1000,1000,image/webp,http://api.rocketniks.ru/api/products/apple-macbook-pro-14-2-m5-2025-16-512-serebristyy-glyancevyy,http://api.rocketniks.ru/images/products/LARGE_8491152a29930f593ea12cfb3108886d 2.webp,90,exact,
MDE44,,MDE44-4.webp,9a718e7e4850b00e9995243f0be6cbf119ae8b803fb29bb05b2d8219230db331,1000,1000,image/webp,http://api.rocketniks.ru/api/products/apple-macbook-pro-14-2-m5-2025-16-512-serebristyy-glyancevyy,http://api.rocketniks.ru/images/products/LARGE_b95ef65ba44177b47848f7881dd95f2b 2.webp,90,exact,
MDE44,,MDE44-5.webp,f8675dbaffa07f06e6b9a5cb107f7c1ea0d987ce7ce9bb1269d832863bdd1aff,1000,1000,image/webp,http://api.rocketniks.ru/api/products/apple-macbook-pro-14-2-m5-2025-16-512-serebristyy-glyancevyy,http://api.rocketniks.ru/images/products/LARGE_78d168616f65567972e40134ac136f48 2.webp,90,exact,
MDE44,,MDE44-6.webp,1b873ec3ca33741836564d2ea1fb48c635cafe30d7351444b49545c8b8dbdb4a,1000,1000,image/webp,http://api.rocketniks.ru/api/products/apple-macbook-pro-14-2-m5-2025-16-512-serebristyy-glyancevyy,http://api.rocketniks.ru/images/products/LARGE_b4d00ca2308e182613d2a3e943492a08 2.webp,90,exact,
MGDU4,,MGDU4.webp,4fac50333d227fb1b5374ba58c9f8eb6e7a8658d059784bfcd0368f1d89f02a3,1000,1000,image/webp,http://api.rocketniks.ru/api/products/apple-macbook-pro-14-2-m4-max-14-yader-kosmicheskiy-chernyy-36-1024,http://api.rocketniks.ru/images/products/LARGE_016e55ccb4475b24fd45b7abd8e48a37.webp,35,likely,
MGDU4,,MGDU4-1.webp,0165d15ade5059268285d7ff73db692436803a500279989647c1e23a5d1f1ef6,1000,1000,image/webp,http://api.rocketniks.ru/api/products/apple-macbook-pro-14-2-m4-max-14-yader-kosmicheskiy-chernyy-36-1024,http://api.rocketniks.ru/images/products/LARGE_2a2321ebb85beec9768728db59c27b04 1.webp,35,likely,
MGDU4,,MGDU4-2.webp,f8675dbaffa07f06e6b9a5cb107f7c1ea0d987ce7ce9bb1269d832863bdd1aff,1000,1000,image/webp,http://api.rocketniks.ru/api/products/apple-macbook-pro-14-2-m4-max-14-yader-kosmicheskiy-chernyy-36-1024,http://api.rocketniks.ru/images/products/LARGE_78d168616f65567972e40134ac136f48 1.webp,35,likely,
MGDU4,,MGDU4-3.webp,1b873ec3ca33741836564d2ea1fb48c635cafe30d7351444b49545c8b8dbdb4a,1000,1000,image/webp,http://api.rocketniks.ru/api/products/apple-macbook-pro-14-2-m4-max-14-yader-kosmicheskiy-chernyy-36-1024,http://api.rocketniks.ru/images/products/LARGE_b4d00ca2308e182613d2a3e943492a08 1.webp,35,likely,
MGDU4,,MGDU4-4.webp,eb6e206a6b6e5fd7342f2a728088d71d5aa8d5f91c9eb20c0dbe7c9aace62005,1000,1000,image/webp,http://api.rocketniks.ru/api/products/apple-macbook-pro-14-2-m4-max-14-yader-kosmicheskiy-chernyy-36-1024,http://api.rocketniks.ru/images/products/LARGE_8491152a29930f593ea12cfb3108886d 1.webp,35,likely,
MGDU4,,MGDU4-5.webp,9a718e7e4850b00e9995243f0be6cbf119ae8b803fb29bb05b2d8219230db331,1000,1000,image/webp,http://api.rocketniks.ru/api/products/apple-macbook-pro-14-2-m4-max-14-yader-kosmicheskiy-chernyy-36-1024,http://api.rocketniks.ru/images/products/LARGE_b95ef65ba44177b47848f7881dd95f2b 1.webp,35,likely,
MGDN4,,MGDN4.webp,0165d15ade5059268285d7ff73db692436803a500279989647c1e23a5d1f1ef6,1000,1000,image/webp,http://api.rocketniks.ru/api/products/apple-macbook-pro-14-2-m4-pro-14-yader-serebristyy-24-1024,http://api.rocketniks.ru/images/products/LARGE_2a2321ebb85beec9768728db59c27b04.webp,33,likely,
MGDN4,,MGDN4-1.webp,f8675dbaffa07f06e6b9a5cb107f7c1ea0d987ce7ce9bb1269d832863bdd1aff,1000,1000,image/webp,http://api.rocketniks.ru/api/products/apple-macbook-pro-14-2-m4-pro-14-yader-serebristyy-24-1024,http://api.rocketniks.ru/images/products/LARGE_78d168616f65567972e40134ac136f48 1.webp,33,likely,
MGDN4,,MGDN4-2.webp,1b873ec3ca33741836564d2ea1fb48c635cafe30d7351444b49545c8b8dbdb4a,1000,1000,image/webp,http://api.rocketniks.ru/api/products/apple-macbook-pro-14-2-m4-pro-14-yader-serebristyy-24-1024,http://api.rocketniks.ru/images/products/LARGE_b4d00ca2308e182613d2a3e943492a08 1.webp,33,likely,
MGDN4,,MGDN4-3.webp,4fac50333d227fb1b5374ba58c9f8eb6e7a8658d059784bfcd0368f1d89f02a3,1000,1000,image/webp,http://api.rocketniks.ru/api/products/apple-macbook-pro-14-2-m4-pro-14-yader-serebristyy-24-1024,http://api.rocketniks.ru/images/products/LARGE_016e55ccb4475b24fd45b7abd8e48a37 1.webp,33,likely,
MGDN4,,MGDN4-4.webp,eb6e206a6b6e5fd7342f2a728088d71d5aa8d5f91c9eb20c0dbe7c9aace62005,1000,1000,image/webp,http://api.rocketniks.ru/api/products/apple-macbook-pro-14-2-m4-pro-14-yader-serebristyy-24-1024,http://api.rocketniks.ru/images/products/LARGE_8491152a29930f593ea12cfb3108886d 1.webp,33,likely,
MGDN4,,MGDN4-5.webp,9a718e7e4850b00e9995243f0be6cbf119ae8b803fb29bb05b2d8219230db331,1000,1000,image/webp,http://api.rocketniks.ru/api/products/apple-macbook-pro-14-2-m4-pro-14-yader-serebristyy-24-1024,http://api.rocketniks.ru/images/products/LARGE_b95ef65ba44177b47848f7881dd95f2b 1.webp,33,likely,
MGDR4,,MGDR4.webp,4fac50333d227fb1b5374ba58c9f8eb6e7a8658d059784bfcd0368f1d89f02a3,1000,1000,image/webp,http://api.rocketniks.ru/api/products/apple-macbook-pro-14-2-m4-pro-14-yader-kosmicheskiy-chernyy-24-1024,http://api.rocketniks.ru/images/products/LARGE_016e55ccb4475b24fd45b7abd8e48a37.webp,33,likely,
MGDR4,,MGDR4-1.webp,0165d15ade5059268285d7ff73db692436803a500279989647c1e23a5d1f1ef6,1000,1000,image/webp,http://api.rocketniks.ru/api/products/apple-macbook-pro-14-2-m4-pro-14-yader-kosmicheskiy-chernyy-24-1024,http://api.rocketniks.ru/images/products/LARGE_2a2321ebb85beec9768728db59c27b04 1.webp,33,likely,
MGDR4,,MGDR4-2.webp,f8675dbaffa07f06e6b9a5cb107f7c1ea0d987ce7ce9bb1269d832863bdd1aff,1000,1000,image/webp,http://api.rocketniks.ru/api/products/apple-macbook-pro-14-2-m4-pro-14-yader-kosmicheskiy-chernyy-24-1024,http://api.rocketniks.ru/images/products/LARGE_78d168616f65567972e40134ac136f48 1.webp,33,likely,
MGDR4,,MGDR4-3.webp,1b873ec3ca33741836564d2ea1fb48c635cafe30d7351444b49545c8b8dbdb4a,1000,1000,image/webp,http://api.rocketniks.ru/api/products/apple-macbook-pro-14-2-m4-pro-14-yader-kosmicheskiy-chernyy-24-1024,http://api.rocketniks.ru/images/products/LARGE_b4d00ca2308e182613d2a3e943492a08 1.webp,33,likely,
MGDR4,,MGDR4-4.webp,eb6e206a6b6e5fd7342f2a728088d71d5aa8d5f91c9eb20c0dbe7c9aace62005,1000,1000,image/webp,http://api.rocketniks.ru/api/products/apple-macbook-pro-14-2-m4-pro-14-yader-kosmicheskiy-chernyy-24-1024,http://api.rocketniks.ru/images/products/LARGE_8491152a29930f593ea12cfb3108886d 1.webp,33,likely,
MGDR4,,MGDR4-5.webp,9a718e7e4850b00e9995243f0be6cbf119ae8b803fb29bb05b2d8219230db331,1000,1000,image/webp,http://api.rocketniks.ru/api/products/apple-macbook-pro-14-2-m4-pro-14-yader-kosmicheskiy-chernyy-24-1024,http://api.rocketniks.ru/images/products/LARGE_b95ef65ba44177b47848f7881dd95f2b 1.webp,33,likely,
MGDP4,,MGDP4.webp,0165d15ade5059268285d7ff73db692436803a500279989647c1e23a5d1f1ef6,1000,1000,image/webp,http://api.rocketniks.ru/api/products/apple-macbook-pro-14-2-m4-pro-14-yader-serebristyy-24-1024,http://api.rocketniks.ru/images/products/LARGE_2a2321ebb85beec9768728db59c27b04.webp,33,likely,
MGDP4,,MGDP4-1.webp,f8675dbaffa07f06e6b9a5cb107f7c1ea0d987ce7ce9bb1269d832863bdd1aff,1000,1000,image/webp,http://api.rocketniks.ru/api/products/apple-macbook-pro-14-2-m4-pro-14-yader-serebristyy-24-1024,http://api.rocketniks.ru/images/products/LARGE_78d168616f65567972e40134ac136f48 1.webp,33,likely,
MGDP4,,MGDP4-2.webp,1b873ec3ca33741836564d2ea1fb48c635cafe30d7351444b49545c8b8dbdb4a,1000,1000,image/webp,http://api.rocketniks.ru/api/products/apple-macbook-pro-14-2-m4-pro-14-yader-serebristyy-24-1024,http://api.rocketniks.ru/images/products/LARGE_b4d00ca2308e182613d2a3e943492a08 1.webp,33,likely,
MGDP4,,MGDP4-3.webp,4fac50333d227fb1b5374ba58c9f8eb6e7a8658d059784bfcd0368f1d89f02a3,1000,1000,image/webp,http://api.rocketniks.ru/api/products/apple-macbook-pro-14-2-m4-pro-14-yader-serebristyy-24-1024,http://api.rocketniks.ru/images/products/LARGE_016e55ccb4475b24fd45b7abd8e48a37 1.webp,33,likely,
MGDP4,,MGDP4-4.webp,eb6e206a6b6e5fd7342f2a728088d71d5aa8d5f91c9eb20c0dbe7c9aace62005,1000,1000,image/webp,http://api.rocketniks.ru/api/products/apple-macbook-pro-14-2-m4-pro-14-yader-serebristyy-24-1024,http://api.rocketniks.ru/images/products/LARGE_8491152a29930f593ea12cfb3108886d 1.webp,33,likely,
MGDP4,,MGDP4-5.webp,9a718e7e4850b00e9995243f0be6cbf119ae8b803fb29bb05b2d8219230db331,1000,1000,image/webp,http://api.rocketniks.ru/api/products/apple-macbook-pro-14-2-m4-pro-14-yader-serebristyy-24-1024,http://api.rocketniks.ru/images/products/LARGE_b95ef65ba44177b47848f7881dd95f2b 1.webp,33,likely,
MGDT4,,MGDT4.webp,4fac50333d227fb1b5374ba58c9f8eb6e7a8658d059784bfcd0368f1d89f02a3,1000,1000,image/webp,http://api.rocketniks.ru/api/products/apple-macbook-pro-14-2-m4-pro-14-yader-kosmicheskiy-chernyy-24-1024,http://api.rocketniks.ru/images/products/LARGE_016e55ccb4475b24fd45b7abd8e48a37.webp,33,likely,
MGDT4,,MGDT4-1.webp,0165d15ade5059268285d7ff73db692436803a500279989647c1e23a5d1f1ef6,1000,1000,image/webp,http://api.rocketniks.ru/api/products/apple-macbook-pro-14-2-m4-pro-14-yader-kosmicheskiy-chernyy-24-1024,http://api.rocketniks.ru/images/products/LARGE_2a2321ebb85beec9768728db59c27b04 1.webp,33,likely,
MGDT4,,MGDT4-2.webp,f8675dbaffa07f06e6b9a5cb107f7c1ea0d987ce7ce9bb1269d832863bdd1aff,1000,1000,image/webp,http://api.rocketniks.ru/api/products/apple-macbook-pro-14-2-m4-pro-14-yader-kosmicheskiy-chernyy-24-1024,http://api.rocketniks.ru/images/products/LARGE_78d168616f65567972e40134ac136f48 1.webp,33,likely,
MGDT4,,MGDT4-3.webp,1b873ec3ca33741836564d2ea1fb48c635cafe30d7351444b49545c8b8dbdb4a,1000,1000,image/webp,http://api.rocketniks.ru/api/products/apple-macbook-pro-14-2-m4-pro-14-yader-kosmicheskiy-chernyy-24-1024,http://api.rocketniks.ru/images/products/LARGE_b4d00ca2308e182613d2a3e943492a08 1.webp,33,likely,
MGDT4,,MGDT4-4.webp,eb6e206a6b6e5fd7342f2a728088d71d5aa8d5f91c9eb20c0dbe7c9aace62005,1000,1000,image/webp,http://api.rocketniks.ru/api/products/apple-macbook-pro-14-2-m4-pro-14-yader-kosmicheskiy-chernyy-24-1024,http://api.rocketniks.ru/images/products/LARGE_8491152a29930f593ea12cfb3108886d 1.webp,33,likely,
MGDT4,,MGDT4-5.webp,9a718e7e4850b00e9995243f0be6cbf119ae8b803fb29bb05b2d8219230db331,1000,1000,image/webp,http://api.rocketniks.ru/api/products/apple-macbook-pro-14-2-m4-pro-14-yader-kosmicheskiy-chernyy-24-1024,http://api.rocketniks.ru/images/products/LARGE_b95ef65ba44177b47848f7881dd95f2b 1.webp,33,likely,
MJLV4,,MJLV4.webp,0165d15ade5059268285d7ff73db692436803a500279989647c1e23a5d1f1ef6,1000,1000,image/webp,http://api.rocketniks.ru/api/products/apple-macbook-pro-14-2-m4-pro-14-yader-serebristyy-24-1024,http://api.rocketniks.ru/images/products/LARGE_2a2321ebb85beec9768728db59c27b04.webp,33,likely,
MJLV4,,MJLV4-1.webp,f8675dbaffa07f06e6b9a5cb107f7c1ea0d987ce7ce9bb1269d832863bdd1aff,1000,1000,image/webp,http://api.rocketniks.ru/api/products/apple-macbook-pro-14-2-m4-pro-14-yader-serebristyy-24-1024,http://api.rocketniks.ru/images/products/LARGE_78d168616f65567972e40134ac136f48 1.webp,33,likely,
MJLV4,,MJLV4-2.webp,1b873ec3ca33741836564d2ea1fb48c635cafe30d7351444b49545c8b8dbdb4a,1000,1000,image/webp,http://api.rocketniks.ru/api/products/apple-macbook-pro-14-2-m4-pro-14-yader-serebristyy-24-1024,http://api.rocketniks.ru/images/products/LARGE_b4d00ca2308e182613d2a3e943492a08 1.webp,33,likely,
MJLV4,,MJLV4-3.webp,4fac50333d227fb1b5374ba58c9f8eb6e7a8658d059784bfcd0368f1d89f02a3,1000,1000,image/webp,http://api.rocketniks.ru/api/products/apple-macbook-pro-14-2-m4-pro-14-yader-serebristyy-24-1024,http://api.rocketniks.ru/images/products/LARGE_016e55ccb4475b24fd45b7abd8e48a37 1.webp,33,likely,
MJLV4,,MJLV4-4.webp,eb6e206a6b6e5fd7342f2a728088d71d5aa8d5f91c9eb20c0dbe7c9aace62005,1000,1000,image/webp,http://api.rocketniks.ru/api/products/apple-macbook-pro-14-2-m4-pro-14-yader-serebristyy-24-1024,http://api.rocketniks.ru/images/products/LARGE_8491152a29930f593ea12cfb3108886d 1.webp,33,likely,
MJLV4,,MJLV4-5.webp,9a718e7e4850b00e9995243f0be6cbf119ae8b803fb29bb05b2d8219230db331,1000,1000,image/webp,http://api.rocketniks.ru/api/products/apple-macbook-pro-14-2-m4-pro-14-yader-serebristyy-24-1024,http://api.rocketniks.ru/images/products/LARGE_b95ef65ba44177b47848f7881dd95f2b 1.webp,33,likely,
MJ3D4,,MJ3D4.webp,4fac50333d227fb1b5374ba58c9f8eb6e7a8658d059784bfcd0368f1d89f02a3,1000,1000,image/webp,http://api.rocketniks.ru/api/products/apple-macbook-pro-14-2-m5-2025-16-1024-kosmicheskiy-chernyy-glyancevyy,http://api.rocketniks.ru/images/products/LARGE_016e55ccb4475b24fd45b7abd8e48a37 2.webp,40,likely,
MJ3D4,,MJ3D4-1.webp,eb6e206a6b6e5fd7342f2a728088d71d5aa8d5f91c9eb20c0dbe7c9aace62005,1000,1000,image/webp,http://api.rocketniks.ru/api/products/apple-macbook-pro-14-2-m5-2025-16-1024-kosmicheskiy-chernyy-glyancevyy,http://api.rocketniks.ru/images/products/LARGE_8491152a29930f593ea12cfb3108886d 1.webp,40,likely,
MJ3D4,,MJ3D4-2.webp,9a718e7e4850b00e9995243f0be6cbf119ae8b803fb29bb05b2d8219230db331,1000,1000,image/webp,http://api.rocketniks.ru/api/products/apple-macbook-pro-14-2-m5-2025-16-1024-kosmicheskiy-chernyy-glyancevyy,http://api.rocketniks.ru/images/products/LARGE_b95ef65ba44177b47848f7881dd95f2b 1.webp,40,likely,
MJ3D4,,MJ3D4-3.webp,f8675dbaffa07f06e6b9a5cb107f7c1ea0d987ce7ce9bb1269d832863bdd1aff,1000,1000,image/webp,http://api.rocketniks.ru/api/products/apple-macbook-pro-14-2-m5-2025-16-1024-kosmicheskiy-chernyy-glyancevyy,http://api.rocketniks.ru/images/products/LARGE_78d168616f65567972e40134ac136f48 2.webp,40,likely,
MJ3D4,,MJ3D4-4.webp,1b873ec3ca33741836564d2ea1fb48c635cafe30d7351444b49545c8b8dbdb4a,1000,1000,image/webp,http://api.rocketniks.ru/api/products/apple-macbook-pro-14-2-m5-2025-16-1024-kosmicheskiy-chernyy-glyancevyy,http://api.rocketniks.ru/images/products/LARGE_b4d00ca2308e182613d2a3e943492a08 2.webp,40,likely,
MDE54,,MDE54.webp,0165d15ade5059268285d7ff73db692436803a500279989647c1e23a5d1f1ef6,1000,1000,image/webp,http://api.rocketniks.ru/api/products/apple-macbook-pro-14-2-m5-2025-16-1024-serebristyy-glyancevyy,http://api.rocketniks.ru/images/products/LARGE_2a2321ebb85beec9768728db59c27b04 2.webp,80,exact,
MDE54,,MDE54-1.webp,ad3b3f5b80148378d50c3eb6c8ed1438cfda08377c8c7482d263afcda9762726,1000,1000,image/webp,http://api.rocketniks.ru/api/products/apple-macbook-pro-14-2-m5-2025-16-1024-serebristyy-glyancevyy,http://api.rocketniks.ru/images/products/LARGE_433316dda333f50e9449adaee579d13f.webp,80,exact,
MDE54,,MDE54-2.webp,e08b4f3f6cf4d5a157b42c669176eb5a9bb4d3e5a5e6f47dde5ae59f2e902616,1000,1000,image/webp,http://api.rocketniks.ru/api/products/apple-macbook-pro-14-2-m5-2025-16-1024-serebristyy-glyancevyy,http://api.rocketniks.ru/images/products/LARGE_589643f7f63b7a42491c65c13791d6cd.webp,80,exact,
MDE54,,MDE54-3.webp,eb6e206a6b6e5fd7342f2a728088d71d5aa8d5f91c9eb20c0dbe7c9aace62005,1000,1000,image/webp,http://api.rocketniks.ru/api/products/apple-macbook-pro-14-2-m5-2025-16-1024-serebristyy-glyancevyy,http://api.rocketniks.ru/images/products/LARGE_8491152a29930f593ea12cfb3108886d 2.webp,80,exact,
MDE54,,MDE54-4.webp,9a718e7e4850b00e9995243f0be6cbf119ae8b803fb29bb05b2d8219230db331,1000,1000,image/webp,http://api.rocketniks.ru/api/products/apple-macbook-pro-14-2-m5-2025-16-1024-serebristyy-glyancevyy,http://api.rocketniks.ru/images/products/LARGE_b95ef65ba44177b47848f7881dd95f2b 2.webp,80,exact,
MDE54,,MDE54-5.webp,f8675dbaffa07f06e6b9a5cb107f7c1ea0d987ce7ce9bb1269d832863bdd1aff,1000,1000,image/webp,http://api.rocketniks.ru/api/products/apple-macbook-pro-14-2-m5-2025-16-1024-serebristyy-glyancevyy,http://api.rocketniks.ru/images/products/LARGE_78d168616f65567972e40134ac136f48 2.webp,80,exact,
MDE54,,MDE54-6.webp,1b873ec3ca33741836564d2ea1fb48c635cafe30d7351444b49545c8b8dbdb4a,1000,1000,image/webp,http://api.rocketniks.ru/api/products/apple-macbook-pro-14-2-m5-2025-16-1024-serebristyy-glyancevyy,http://api.rocketniks.ru/images/products/LARGE_b4d00ca2308e182613d2a3e943492a08 2.webp,80,exact,
MDE14,,MDE14.webp,4fac50333d227fb1b5374ba58c9f8eb6e7a8658d059784bfcd0368f1d89f02a3,1000,1000,image/webp,http://api.rocketniks.ru/api/products/apple-macbook-pro-14-2-m5-2025-16-1024-kosmicheskiy-chernyy-glyancevyy,http://api.rocketniks.ru/images/products/LARGE_016e55ccb4475b24fd45b7abd8e48a37 2.webp,80,exact,
MDE14,,MDE14-1.webp,eb6e206a6b6e5fd7342f2a728088d71d5aa8d5f91c9eb20c0dbe7c9aace62005,1000,1000,image/webp,http://api.rocketniks.ru/api/products/apple-macbook-pro-14-2-m5-2025-16-1024-kosmicheskiy-chernyy-glyancevyy,http://api.rocketniks.ru/images/products/LARGE_8491152a29930f593ea12cfb3108886d 1.webp,80,exact,
MDE14,,MDE14-2.webp,9a718e7e4850b00e9995243f0be6cbf119ae8b803fb29bb05b2d8219230db331,1000,1000,image/webp,http://api.rocketniks.ru/api/products/apple-macbook-pro-14-2-m5-2025-16-1024-kosmicheskiy-chernyy-glyancevyy,http://api.rocketniks.ru/images/products/LARGE_b95ef65ba44177b47848f7881dd95f2b 1.webp,80,exact,
MDE14,,MDE14-3.webp,f8675dbaffa07f06e6b9a5cb107f7c1ea0d987ce7ce9bb1269d832863bdd1aff,1000,1000,image/webp,http://api.rocketniks.ru/api/products/apple-macbook-pro-14-2-m5-2025-16-1024-kosmicheskiy-chernyy-glyancevyy,http://api.rocketniks.ru/images/products/LARGE_78d168616f65567972e40134ac136f48 2.webp,80,exact,
MDE14,,MDE14-4.webp,1b873ec3ca33741836564d2ea1fb48c635cafe30d7351444b49545c8b8dbdb4a,1000,1000,image/webp,http://api.rocketniks.ru/api/products/apple-macbook-pro-14-2-m5-2025-16-1024-kosmicheskiy-chernyy-glyancevyy,http://api.rocketniks.ru/images/products/LARGE_b4d00ca2308e182613d2a3e943492a08 2.webp,80,exact,
MDE64,,MDE64.webp,0165d15ade5059268285d7ff73db692436803a500279989647c1e23a5d1f1ef6,1000,1000,image/webp,http://api.rocketniks.ru/api/products/apple-macbook-pro-14-2-m5-2025-24-1024-serebristyy-glyancevyy,http://api.rocketniks.ru/images/products/LARGE_2a2321ebb85beec9768728db59c27b04 2.webp,80,exact,
MDE64,,MDE64-1.webp,ad3b3f5b80148378d50c3eb6c8ed1438cfda08377c8c7482d263afcda9762726,1000,1000,image/webp,http://api.rocketniks.ru/api/products/apple-macbook-pro-14-2-m5-2025-24-1024-serebristyy-glyancevyy,http://api.rocketniks.ru/images/products/LARGE_433316dda333f50e9449adaee579d13f.webp,80,exact,
MDE64,,MDE64-2.webp,e08b4f3f6cf4d5a157b42c669176eb5a9bb4d3e5a5e6f47dde5ae59f2e902616,1000,1000,image/webp,http://api.rocketniks.ru/api/products/apple-macbook-pro-14-2-m5-2025-24-1024-serebristyy-glyancevyy,http://api.rocketniks.ru/images/products/LARGE_589643f7f63b7a42491c65c13791d6cd.webp,80,exact,
MDE64,,MDE64-3.webp,eb6e206a6b6e5fd7342f2a728088d71d5aa8d5f91c9eb20c0dbe7c9aace62005,1000,1000,image/webp,http://api.rocketniks.ru/api/products/apple-macbook-pro-14-2-m5-2025-24-1024-serebristyy-glyancevyy,http://api.rocketniks.ru/images/products/LARGE_8491152a29930f593ea12cfb3108886d 2.webp,80,exact,
MDE64,,MDE64-4.webp,9a718e7e4850b00e9995243f0be6cbf119ae8b803fb29bb05b2d8219230db331,1000,1000,image/webp,http://api.rocketniks.ru/api/products/apple-macbook-pro-14-2-m5-2025-24-1024-serebristyy-glyancevyy,http://api.rocketniks.ru/images/products/LARGE_b95ef65ba44177b47848f7881dd95f2b 2.webp,80,exact,
MDE64,,MDE64-5.webp,f8675dbaffa07f06e6b9a5cb107f7c1ea0d987ce7ce9bb1269d832863bdd1aff,1000,1000,image/webp,http://api.rocketniks.ru/api/products/apple-macbook-pro-14-2-m5-2025-24-1024-serebristyy-glyancevyy,http://api.rocketniks.ru/images/products/LARGE_78d168616f65567972e40134ac136f48 2.webp,80,exact,
MDE64,,MDE64-6.webp,1b873ec3ca33741836564d2ea1fb48c635cafe30d7351444b49545c8b8dbdb4a,1000,1000,image/webp,http://api.rocketniks.ru/api/products/apple-macbook-pro-14-2-m5-2025-24-1024-serebristyy-glyancevyy,http://api.rocketniks.ru/images/products/LARGE_b4d00ca2308e182613d2a3e943492a08 2.webp,80,exact,
MDE34,,MDE34.webp,4fac50333d227fb1b5374ba58c9f8eb6e7a8658d059784bfcd0368f1d89f02a3,1000,1000,image/webp,http://api.rocketniks.ru/api/products/apple-macbook-pro-14-2-m5-2025-24-1024-kosmicheskiy-chernyy-glyancevyy,http://api.rocketniks.ru/images/products/LARGE_016e55ccb4475b24fd45b7abd8e48a37 2.webp,80,exact,
MDE34,,MDE34-1.webp,8d454266e31cbbddd4c3ce8ccfa9390aea1cb06bf7d06f838f68b47e7a8525d9,1000,1000,image/webp,http://api.rocketniks.ru/api/products/apple-macbook-pro-14-2-m5-2025-24-1024-kosmicheskiy-chernyy-glyancevyy,http://api.rocketniks.ru/images/products/LARGE_cf83d65d3178506468b431fb853443d4.webp,80,exact,
MDE34,,MDE34-2.webp,9a718e7e4850b00e9995243f0be6cbf119ae8b803fb29bb05b2d8219230db331,1000,1000,image/webp,http://api.rocketniks.ru/api/products/apple-macbook-pro-14-2-m5-2025-24-1024-kosmicheskiy-chernyy-glyancevyy,http://api.rocketniks.ru/images/products/LARGE_b95ef65ba44177b47848f7881dd95f2b 1.webp,80,exact,
MDE34,,MDE34-3.webp,eb6e206a6b6e5fd7342f2a728088d71d5aa8d5f91c9eb20c0dbe7c9aace62005,1000,1000,image/webp,http://api.rocketniks.ru/api/products/apple-macbook-pro-14-2-m5-2025-24-1024-kosmicheskiy-chernyy-glyancevyy,http://api.rocketniks.ru/images/products/LARGE_8491152a29930f593ea12cfb3108886d 2.webp,80,exact,
MDE34,,MDE34-4.webp,f8675dbaffa07f06e6b9a5cb107f7c1ea0d987ce7ce9bb1269d832863bdd1aff,1000,1000,image/webp,http://api.rocketniks.ru/api/products/apple-macbook-pro-14-2-m5-2025-24-1024-kosmicheskiy-chernyy-glyancevyy,http://api.rocketniks.ru/images/products/LARGE_78d168616f65567972e40134ac136f48 2.webp,80,exact,
MDE34,,MDE34-5.webp,1b873ec3ca33741836564d2ea1fb48c635cafe30d7351444b49545c8b8dbdb4a,1000,1000,image/webp,http://api.rocketniks.ru/api/products/apple-macbook-pro-14-2-m5-2025-24-1024-kosmicheskiy-chernyy-glyancevyy,http://api.rocketniks.ru/images/products/LARGE_b4d00ca2308e182613d2a3e943492a08 2.webp,80,exact,
APL-APL-AW-SERIES-11-46MM-ROSE-GLD-SB-S-M,,APL-APL-AW-SERIES-11-46MM-ROSE-GLD-SB-S-M.jpg,350c5906be175fcd400d344b5b1b62a78b1bf4ff70c606498f70768d899c2a56,1000,1000,image/jpeg,http://api.rocketniks.ru/api/products/apple-watch-series-11-46-rozovoe-zolotolegkie-rumyana-s-m,http://api.rocketniks.ru/images/products/LARGE_Apple Watch Series 11 (11)-min.jpg,35,likely,
APL-APL-AW-SERIES-11-46MM-ROSE-GLD-SB-S-M,,APL-APL-AW-SERIES-11-46MM-ROSE-GLD-SB-S-M-1.jpg,20bbd8681d888c52d3058d60e5984e10dcb584319110293d53478d71f1c3263a,1000,1000,image/jpeg,http://api.rocketniks.ru/api/products/apple-watch-series-11-46-rozovoe-zolotolegkie-rumyana-s-m,http://api.rocketniks.ru/images/products/LARGE_Apple Watch Series 11 (1)-min.jpg,35,likely,
APL-APL-AW-SERIES-11-46MM-ROSE-GLD-SB-S-M,,APL-APL-AW-SERIES-11-46MM-ROSE-GLD-SB-S-M-2.jpg,5ae15ba7b5a879e3e76236ae3c06f8fc18e66daa652904c69bff681ffaab2648,1000,1000,image/jpeg,http://api.rocketniks.ru/api/products/apple-watch-series-11-46-rozovoe-zolotolegkie-rumyana-s-m,http://api.rocketniks.ru/images/products/LARGE_Apple Watch Series 11-min.jpg,35,likely,
APL-APL-AW-SERIES-11-46MM-ROSE-GLD-SB-S-M,,APL-APL-AW-SERIES-11-46MM-ROSE-GLD-SB-S-M-3.jpg,db40c4e934624f9564dd7252537e8e58808d5604cb74c5d0f7d1cf0c738f2096,1000,1000,image/jpeg,http://api.rocketniks.ru/api/products/apple-watch-series-11-46-rozovoe-zolotolegkie-rumyana-s-m,http://api.rocketniks.ru/images/products/LARGE_Apple Watch Series 11 (4)-min.jpg,35,likely,
APL-APL-AW-SERIES-11-46MM-ROSE-GLD-SB-S-M,,APL-APL-AW-SERIES-11-46MM-ROSE-GLD-SB-S-M-4.jpg,20ffac0bf1d7a13410b14c800066b58695e06b7bc628e72993c29637bbdf0876,1000,1000,image/jpeg,http://api.rocketniks.ru/api/products/apple-watch-series-11-46-rozovoe-zolotolegkie-rumyana-s-m,http://api.rocketniks.ru/images/products/LARGE_Apple Watch Series 11 (3)-min.jpg,35,likely,
APL-APL-AW-SERIES-11-46MM-ROSE-GLD-SB-S-M,,APL-APL-AW-SERIES-11-46MM-ROSE-GLD-SB-S-M-5.jpg,97930cdd6f4a9cfd9a31d0f29c0b6211c7cf646364b11985772b3865b5072907,1000,1000,image/jpeg,http://api.rocketniks.ru/api/products/apple-watch-series-11-46-rozovoe-zolotolegkie-rumyana-s-m,http://api.rocketniks.ru/images/products/LARGE_Apple Watch Series 11 (7)-min.jpg,35,likely,
APL-APL-AW-SERIES-11-46MM-ROSE-GLD-SB-S-M,,APL-APL-AW-SERIES-11-46MM-ROSE-GLD-SB-S-M-6.jpg,e6db7058f5b59a345f584ec63440b4e970e9ac83e3baefec97dc0c38e427de66,1000,1000,image/jpeg,http://api.rocketniks.ru/api/products/apple-watch-series-11-46-rozovoe-zolotolegkie-rumyana-s-m,http://api.rocketniks.ru/images/products/LARGE_Apple Watch Series 11 (6)-min.jpg,35,likely,
APL-APL-AW-SERIES-11-46MM-ROSE-GLD-SB-S-M,,APL-APL-AW-SERIES-11-46MM-ROSE-GLD-SB-S-M-7.jpg,15b909c6957350f8638516972fbe5bebe63a41d9c3a141880883faf467dccd2c,1000,1000,image/jpeg,http://api.rocketniks.ru/api/products/apple-watch-series-11-46-rozovoe-zolotolegkie-rumyana-s-m,http://api.rocketniks.ru/images/products/LARGE_Apple Watch Series 11 (10)-min.jpg,35,likely,
APL-APL-AW-SERIES-11-46MM-ROSE-GLD-SB-S-M,,APL-APL-AW-SERIES-11-46MM-ROSE-GLD-SB-S-M-8.jpg,695190d32ed7f1039bf3cfa3c744f44d7572db571288de217907d6eec1de5772,1000,1000,image/jpeg,http://api.rocketniks.ru/api/products/apple-watch-series-11-46-rozovoe-zolotolegkie-rumyana-s-m,http://api.rocketniks.ru/images/products/LARGE_Apple Watch Series 11 (9)-min.jpg,35,likely,
DYS-HS05-NICKEL-COPPER-HK,,DYS-HS05-NICKEL-COPPER-HK.jpg,3a42020594534e315976f73f5f032bc57b55ce2884565709089f6ace4bc3a03a,1000,1000,image/jpeg,http://api.rocketniks.ru/api/products/dyson-styler-airwrap-complete-long-multi-hair-hs05-nickelcopper,http://api.rocketniks.ru/images/products/LARGE_17688-744400720-01.png.jpeg,48,likely,
DYS-HS05-NICKEL-COPPER-HK,,DYS-HS05-NICKEL-COPPER-HK-1.png,2ff79e9b1f1a5a400bbf1de41b865681ec69d865e1e52abef87ffab5973058bb,1000,1000,image/png,http://api.rocketniks.ru/api/products/dyson-styler-airwrap-complete-long-multi-hair-hs05-nickelcopper,http://api.rocketniks.ru/images/products/LARGE_23762-31533903-01.png,48,likely,
DYS-HS05-NICKEL-COPPER-HK,,DYS-HS05-NICKEL-COPPER-HK-2.jpg,7dea50b58f81acb142e7dd1008cb57a6e895ec59e8857152c17964c6d69ebe3c,1000,1000,image/jpeg,http://api.rocketniks.ru/api/products/dyson-styler-airwrap-complete-long-multi-hair-hs05-nickelcopper,http://api.rocketniks.ru/images/products/LARGE_25729-1053_hrms-2p.jpg,48,likely,
DYS-HS05-NICKEL-COPPER-HK,,DYS-HS05-NICKEL-COPPER-HK-3.jpg,51575934adb37de70ff2c5eeefdc7c98c067d43119cace31fc915435bda959fc,1000,1000,image/jpeg,http://api.rocketniks.ru/api/products/dyson-styler-airwrap-complete-long-multi-hair-hs05-nickelcopper,http://api.rocketniks.ru/images/products/LARGE_25775-308zi7u731jwe072lf2k26w3e5079kgbnxn.jpg,48,likely,
DYS-HS05-NICKEL-COPPER-HK,,DYS-HS05-NICKEL-COPPER-HK-4.png,1b9ef18efe1088eda5c1bdb2daaf7bb1cae21d2428230fc94421165a20eaebb6,1000,1000,image/png,http://api.rocketniks.ru/api/products/dyson-styler-airwrap-complete-long-multi-hair-hs05-nickelcopper,http://api.rocketniks.ru/images/products/LARGE_25730-924xyap8upnzy1jev6084tlu6g0fz9v7erg.png,48,likely,
DYS-HS05-NICKEL-COPPER-HK,,DYS-HS05-NICKEL-COPPER-HK-5.jpg,625e1c0173ac4cf44e5a3d23d2549c909f9df2ca3fc4766b1227e92643685101,1000,1000,image/jpeg,http://api.rocketniks.ru/api/products/dyson-styler-airwrap-complete-long-multi-hair-hs05-nickelcopper,http://api.rocketniks.ru/images/products/LARGE_19657-679395906-01.png-3 1.jpeg,48,likely,
DYS-HS05-NICKEL-COPPER-HK,,DYS-HS05-NICKEL-COPPER-HK-6.webp,382a4840511ca8224da997969f7063ca4ebe8c8dbe13f6341e3795507ff77a5b,616,1000,image/webp,http://api.rocketniks.ru/api/products/dyson-styler-airwrap-complete-long-multi-hair-hs05-nickelcopper,http://api.rocketniks.ru/images/products/LARGE_8b22bd39c0e59821952c273b4f850edf.webp,48,likely,
DYS-HS05-NICKEL-COPPER-HK,,DYS-HS05-NICKEL-COPPER-HK-7.gif,34b0b5a94928edaa5f9c9a5b8d004b00029fe2d96ade93deb0e2c701dbb0268e,1000,1000,image/gif,http://api.rocketniks.ru/api/products/dyson-styler-airwrap-complete-long-multi-hair-hs05-nickelcopper,http://api.rocketniks.ru/images/products/LARGE_topaz-lond.gif,48,likely,
DYS-HS08-CER-PNK-HK,,DYS-HS08-CER-PNK-HK.png,8cd13b38f9147598a3c3b891ee36f063269520c246dec7f9cc1734c835f93aa5,1000,1000,image/png,http://api.rocketniks.ru/api/products/dyson-airwrap-i-d--long-hs08-straightwavy-keramicheskiy-rozovyyrozovoe-zoloto,http://api.rocketniks.ru/images/products/LARGE_HS08_Straight+Wavy_5.png,48,likely,
DYS-HS08-CER-PNK-HK,,DYS-HS08-CER-PNK-HK-1.png,7a90aca0f5d1c2fdf009470f88d34e09af4d1e671bf8c52b7174ebb0f586005a,1000,1000,image/png,http://api.rocketniks.ru/api/products/dyson-airwrap-i-d--long-hs08-straightwavy-keramicheskiy-rozovyyrozovoe-zoloto,http://api.rocketniks.ru/images/products/LARGE_HS08_Straight+Wavy_6.png,48,likely,
DYS-HS08-CER-PNK-DIFFUSE-HK,,DYS-HS08-CER-PNK-DIFFUSE-HK.png,8cd13b38f9147598a3c3b891ee36f063269520c246dec7f9cc1734c835f93aa5,1000,1000,image/png,http://api.rocketniks.ru/api/products/dyson-airwrap-i-d--long-hs08-straightwavy-keramicheskiy-rozovyyrozovoe-zoloto,http://api.rocketniks.ru/images/products/LARGE_HS08_Straight+Wavy_5.png,39,likely,
DYS-HS08-CER-PNK-DIFFUSE-HK,,DYS-HS08-CER-PNK-DIFFUSE-HK-1.png,7a90aca0f5d1c2fdf009470f88d34e09af4d1e671bf8c52b7174ebb0f586005a,1000,1000,image/png,http://api.rocketniks.ru/api/products/dyson-airwrap-i-d--long-hs08-straightwavy-keramicheskiy-rozovyyrozovoe-zoloto,http://api.rocketniks.ru/images/products/LARGE_HS08_Straight+Wavy_6.png,39,likely,
DYS-HS08-KANZAN-PNK-HK,,DYS-HS08-KANZAN-PNK-HK.png,31e86cb67fb300e13e1218a3725bc3ef275ba6ffa8e76b7e7ea5ead03ac70ecd,1000,1000,image/png,http://api.rocketniks.ru/api/products/dyson-airwrap-i-d--long-hs08-straightwavy-rozovyy-kanzan,http://api.rocketniks.ru/images/products/LARGE_HS08_Straight+Wavy_4.png,48,likely,
DYS-HS08-KANZAN-PNK-HK,,DYS-HS08-KANZAN-PNK-HK-1.png,7a90aca0f5d1c2fdf009470f88d34e09af4d1e671bf8c52b7174ebb0f586005a,1000,1000,image/png,http://api.rocketniks.ru/api/products/dyson-airwrap-i-d--long-hs08-straightwavy-rozovyy-kanzan,http://api.rocketniks.ru/images/products/LARGE_HS08_Straight+Wavy_6.png,48,likely,
DYS-HD16-CER-PNK-CN,,DYS-HD16-CER-PNK-CN.png,e33faa4b1e3f35d51f84446f3cff4356a4d1a9b7b6afd123825c284539d308d9,1000,1000,image/png,http://api.rocketniks.ru/api/products/dyson-supersonic-nural-hd16-keramicheskiy-rozovyyrozovoe-zoloto,http://api.rocketniks.ru/images/products/LARGE_Nural_HD16_6.png,48,likely,
DYS-HD16-CER-PNK-CN,,DYS-HD16-CER-PNK-CN-1.png,c0b14382b3cbdace6882f41cfc893751a945e18e138b433a4cfa592a19c31b30,1000,1000,image/png,http://api.rocketniks.ru/api/products/dyson-supersonic-nural-hd16-keramicheskiy-rozovyyrozovoe-zoloto,http://api.rocketniks.ru/images/products/LARGE_Nural_HD16_1.png,48,likely,
DYS-HD16-CER-PNK-CN,,DYS-HD16-CER-PNK-CN-2.png,ecec72d38218b10162e50d3174e6d43bf774140dbcd96f16ebad55f6e3774153,1000,1000,image/png,http://api.rocketniks.ru/api/products/dyson-supersonic-nural-hd16-keramicheskiy-rozovyyrozovoe-zoloto,http://api.rocketniks.ru/images/products/LARGE_Nural_HD16_8.png,48,likely,
DYS-HD16-CER-PNK-CASE-HK,,DYS-HD16-CER-PNK-CASE-HK.png,e33faa4b1e3f35d51f84446f3cff4356a4d1a9b7b6afd123825c284539d308d9,1000,1000,image/png,http://api.rocketniks.ru/api/products/dyson-supersonic-nural-hd16-keramicheskiy-rozovyyrozovoe-zoloto,http://api.rocketniks.ru/images/products/LARGE_Nural_HD16_6.png,48,likely,
DYS-HD16-CER-PNK-CASE-HK,,DYS-HD16-CER-PNK-CASE-HK-1.png,c0b14382b3cbdace6882f41cfc893751a945e18e138b433a4cfa592a19c31b30,1000,1000,image/png,http://api.rocketniks.ru/api/products/dyson-supersonic-nural-hd16-keramicheskiy-rozovyyrozovoe-zoloto,http://api.rocketniks.ru/images/products/LARGE_Nural_HD16_1.png,48,likely,
DYS-HD16-CER-PNK-CASE-HK,,DYS-HD16-CER-PNK-CASE-HK-2.png,ecec72d38218b10162e50d3174e6d43bf774140dbcd96f16ebad55f6e3774153,1000,1000,image/png,http://api.rocketniks.ru/api/products/dyson-supersonic-nural-hd16-keramicheskiy-rozovyyrozovoe-zoloto,http://api.rocketniks.ru/images/products/LARGE_Nural_HD16_8.png,48,likely,
SONY-PS-5-SLIM-DIGITAL-825GB,,SONY-PS-5-SLIM-DIGITAL-825GB.jpg,dbc47270879be0ef48d746d3c5712ac36e24f42505e9b7e6d35ae513f5bbf018,1000,1000,image/jpeg,http://api.rocketniks.ru/api/products/sony-playstation-5-slim,http://api.rocketniks.ru/images/products/LARGE_0e9f496348e7731ae6b23663e687deae.jpg,16,likely,
SONY-PS-5-SLIM-DIGITAL-825GB,,SONY-PS-5-SLIM-DIGITAL-825GB-1.webp,7b82456ccb699f1bd48fdf93b5c0aa86855f744b62d9572cee86c4bfc6248832,1000,562,image/webp,http://api.rocketniks.ru/api/products/sony-playstation-5-slim,http://api.rocketniks.ru/images/products/LARGE_3869402654911745.webp,16,likely,
SONY-PS-5-SLIM-DIGITAL-825GB,,SONY-PS-5-SLIM-DIGITAL-825GB-2.webp,6602e0f3e24d63c0204b7c6d08f638ca6501add6dccc7dbf83e918b232c0bd76,1000,462,image/webp,http://api.rocketniks.ru/api/products/sony-playstation-5-slim,http://api.rocketniks.ru/images/products/LARGE_0920664166172764.webp,16,likely,
SONY-PS-5-SLIM-DIGITAL-825GB,,SONY-PS-5-SLIM-DIGITAL-825GB-3.webp,738d8f5b5497d60a98e34b4410f166d52611e7e51749fb2395504173d882962e,1000,833,image/webp,http://api.rocketniks.ru/api/products/sony-playstation-5-slim,http://api.rocketniks.ru/images/products/LARGE_2320771391891964.webp,16,likely,
SONY-PS-5-SLIM-DIGITAL-825GB,,SONY-PS-5-SLIM-DIGITAL-825GB-4.webp,bf6d13420d22dc4f7f7fbbff3eb2f8f2a919c3972fe2304490dcaf3a26125fad,404,1000,image/webp,http://api.rocketniks.ru/api/products/sony-playstation-5-slim,http://api.rocketniks.ru/images/products/LARGE_2105732696847.webp,16,likely,
SONY-PS-5-SLIM-DIGITAL-825GB,,SONY-PS-5-SLIM-DIGITAL-825GB-5.webp,55ca8caa980e0194cac26373049b54211c1e58802999fb61c0da64e29a04977f,1000,281,image/webp,http://api.rocketniks.ru/api/products/sony-playstation-5-slim,http://api.rocketniks.ru/images/products/LARGE_0468342616790402.webp,16,likely,
